Product Name,Product Prices,Product Weights,Product Reviews,Product Discount,Product Offers
OPEN SECRET Premium Whole Kaju - High Protein Dry Fruit...,"₹1,818",1 x 2 kg,4.1,49% off,Hot Deal
"Sugar free Green Stevia ,Made from 100% Natural Meethi ...",₹597,750 g,4.5,42% off,Hot Deal
"Nutritoz Raw Chia Seeds, Flax, Pumpkin & Sunflower Seed...",₹151,4 x 50 g,4.2,78% off,Hot Deal
Dabur Honey|100% Pure|No Sugar Adulteration|Worlds No.1...,₹404,1.2 kg,4.4,31% off,Hot Deal
Happilo Premium Californian Roasted & Salted Pistachios,₹504,1 x 450 g,4.4,49% off,Hot Deal
Sweetmate Monk Fruit Powder 200g Sweetener,₹184,200 g,4.4,53% off,Hot Deal
Dhanush Ban Regular Lotus Seed Pop / Gorgon Nut Puffed ...,₹72,50 g,4.2,63% off,Only few left
MOM'S HARVEST Organic Palm Jaggery (Karupatti) 450 gram...,₹290,450 g,4.4,14% off,"Buy 2 items, save extra ₹40"
"Pintola 25g High Protein Oats - Dark Chocolate, No Refi...",₹564,1 kg,4.2,9% off,Only 4 left
Pringles Potato Chips Desi Masala Tadka Flavor Pack of ...,₹395,4 x 102 g,4.2,21% off,Hot Deal
Miresi Natural & Organic Coconut Palm Sugar (350 g) Sug...,₹215,350 g,4.3,31% off,Hot Deal
"Ayumcure She Care Juice for Women|Hormonal Balance,PCOS...",₹699,1 L,4.4,22% off,Hot Deal
MYFITNESS Chocolate Peanut Butter (Crunchy),₹269,510 g,4.1,10% off,Hot Deal
Bevzilla Pack of 2 Classic Coffee Powder|Hot & Cold Ins...,₹473,2 x 200 g,4.4,70% off,Hot Deal
ORBIT Sugar Free Spearmint Flavour Chewing Gum Spearmin...,₹308,8 x 19.8 g,4.2,14% off,Only few left
Aldeira Raisin 500gm Pack Dry Fruits Kishmish / Raisins,₹234,1 x 500 g,4.3,46% off,Hot Deal
WOW Life Science Organic Apple Cider Vinegar Vinegar,₹311,900 ml,4.2,74% off,Lowest price since launch
Nature Aahar organic Raw Chia for Weight loss Managemen...,₹224,500 g,4.2,77% off,"Buy 2 items, save extra ₹40"
"Abbie's Black Pitted Olives, 450g Each (450 g x 2), Pac...",₹498,"900 g, Pack of 2",4.9,11% off,Only few left
"Saffola Honey Active, Made with Sundarban Forest Honey,...",₹321,1 kg,4.2,35% off,"Buy 2 items, save extra ₹40"
Plum Natural Premium Afghani Anjeer Dry Fruits | Dried ...,₹386,1 x 500 g,4.4,70% off,Hot Deal
"BLUE TEA Belly Fat Tea | Fat Loss, Manage Weight, Flatt...",₹789,2 x 30 Bags,4.4,34% off,Hot Deal
"iyurved Kids & Teens Brain Booster Chocolate Spread, 50...","₹1,048",1 g,4.4,8% off,Hot Deal
Pintola HIGH Protein Peanut Butter (Dark Chocolate) (Cr...,₹326,510 g,4.2,15% off,Hot Deal
DOCTOR'S CHOICE High Protein Peanut Butter Dark Chocola...,₹589,750 g,4.4,72% off,"Buy 2 items, save extra ₹20"
BLK FOODS Select 1000g Raw Chia Seeds for eating Chia S...,₹325,1000 g,4.4,28% off,"Buy 2 items, save extra ₹20"
"Nourish You Flax Seeds | Rich in Omega 3, Calcium and F...",₹258,1000 g,4.2,59% off,Hot Deal
"Nutraj Whole Cumin Jeera 1 Kg, Cumin Seed, Sabut Jeera,...",₹321,1 kg,4.2,75% off,Hot Deal
Organic and Pure Ajinomoto Chinese Salt | Monosodium Gl...,₹122,100 g,4.1,20% off,Only few left
Pro-To-Grow Fitbhim Chocobanana Instant Pancake Mix No ...,₹213,450 ml,4.2,20% off,Hot Deal
"DR. VAIDYA'S Apple Cider Vinegar - With Garcinia, Raw T...",₹398,200 g,4.4,55% off,Hot Deal
"Healthy Wealthy Raw Pumpkin Seeds for eating, Rich in P...",₹157,510 g,4.4,8% off,Only few left
MYFITNESS Chocolate Peanut Butter (Smooth),₹275,2 kg,4,13% off,Hot Deal
